"","mean","se_mean","sd","2.5%","25%","50%","75%","97.5%","n_eff","Rhat","valid","Q5","Q50","Q95","MCSE_Q2.5","MCSE_Q25","MCSE_Q50","MCSE_Q75","MCSE_Q97.5","MCSE_SD","Bulk_ESS","Tail_ESS"
"R1b",44.3532497577355,0.680626861188834,32.0198981255462,1.48965487325825,19.0792279306801,38.5043458747524,63.0752274800006,119.352458695417,2189,1.0009681127954,1,3.91393276779643,38.5043458747524,105.128651513107,0.58168380650188,0.819029448428555,0.811234447585637,0.806995615085675,3.28297677150785,0.481339307985203,1410,895
"R2b",26542.5747255246,201.687848834522,10069.6158665983,7259.65698389774,19635.6969871741,26427.1911915236,33143.2064369491,47383.8436810689,2462,1.00081839061967,1,10210.2811347572,26427.1911915236,43480.1353483724,724.480195705404,285.534397659916,236.320763641397,226.454574460771,719.972086838596,142.631536173463,2292,1320
"f",0.0175754359059918,0.000207928042173477,0.00933637502848461,0.00183864719231243,0.0115047557577394,0.0169475612113618,0.022408856595302,0.0375225145717913,1981,1.0038762147652,1,0.00397145377478067,0.0169475612113618,0.0325020299737998,0.000519819208723306,0.000285720463842052,0.000204994811955177,0.000230520106618047,0.00137118410946123,0.000147048603231867,1719,868
"k",284.928027015719,0.203135760485675,10.0858485737676,265.152324318768,278.212878982192,284.943925786245,291.872153509267,304.118368375717,2454,1.00071445902361,1,268.417560472015,284.943925786245,301.236115601397,0.681126588774248,0.266419762377524,0.240875857257009,0.269044132554939,0.400392610752561,0.143655671541474,2476,1952
